{
  "src\\__init__.py": 1776682229.3297403,
  "src\\api\\routes.py": 1776683886.661094,
  "src\\api\\__init__.py": 1776682262.1960983,
  "src\\audit\\chain.py": 1776684018.5070348,
  "src\\audit\\__init__.py": 1776682252.0958118,
  "src\\checkers\\blacklist_checker.py": 1776683886.6676278,
  "src\\checkers\\emd_validator.py": 1776683886.6656287,
  "src\\checkers\\integrity_pact_checker.py": 1776683886.6676278,
  "src\\checkers\\near_relations_checker.py": 1776683886.6666272,
  "src\\checkers\\__init__.py": 1776682246.032236,
  "src\\config\\settings.py": 1776682308.2039156,
  "src\\config\\__init__.py": 1776682231.4887726,
  "src\\conflict\\resolver.py": 1776683886.6590736,
  "src\\conflict\\__init__.py": 1776682250.168684,
  "src\\engine\\rule_engine.py": 1776684018.5080414,
  "src\\engine\\__init__.py": 1776682248.17382,
  "src\\extraction\\criterion_extractor.py": 1776683886.6666272,
  "src\\extraction\\value_extractor.py": 1776683886.6759014,
  "src\\extraction\\__init__.py": 1776682244.1600332,
  "src\\ingestion\\service.py": 1776684018.5115824,
  "src\\ingestion\\__init__.py": 1776682236.078019,
  "src\\models\\audit.py": 1776683886.658383,
  "src\\models\\auth.py": 1776684018.5095842,
  "src\\models\\criteria.py": 1776683886.6686258,
  "src\\models\\documents.py": 1776684018.508564,
  "src\\models\\extraction.py": 1776683886.664038,
  "src\\models\\hitl.py": 1776684018.508564,
  "src\\models\\prompts.py": 1776682395.1065104,
  "src\\models\\verdicts.py": 1776684018.508564,
  "src\\models\\__init__.py": 1776682233.9541101,
  "src\\observability\\logging.py": 1776682874.7579367,
  "src\\observability\\__init__.py": 1776682258.1430619,
  "src\\ocr\\azure_service.py": 1776683886.6590736,
  "src\\ocr\\__init__.py": 1776682237.9409802,
  "src\\pipeline\\orchestrator.py": 1776684018.508564,
  "src\\pipeline\\__init__.py": 1776682260.2634764,
  "src\\prompts\\__init__.py": 1776682264.3349628,
  "src\\rbac\\middleware.py": 1776682868.2265418,
  "src\\rbac\\__init__.py": 1776682256.2667868,
  "src\\redaction\\indian_recognizers.py": 1776683886.661094,
  "src\\redaction\\presidio_pipeline.py": 1776683886.673901,
  "src\\redaction\\__init__.py": 1776682240.0690274,
  "src\\retrieval\\bm25_index.py": 1776683886.661094,
  "src\\retrieval\\chunker.py": 1776683886.663634,
  "src\\retrieval\\embedder.py": 1776683886.6759014,
  "src\\retrieval\\hybrid_retriever.py": 1776684018.5060353,
  "src\\retrieval\\__init__.py": 1776682242.0626147,
  "src\\signing\\__init__.py": 1776682254.2209811,
  "tests\\__init__.py": 1776682266.256571,
  "tests\\e2e\\__init__.py": 1776682274.3398788,
  "tests\\property\\__init__.py": 1776682270.2910774,
  "tests\\red_team\\test_prompt_injection.py": 1776683886.6796155,
  "tests\\red_team\\__init__.py": 1776682272.4329402,
  "tests\\unit\\test_audit_chain.py": 1776683886.673901,
  "tests\\unit\\test_conflict_resolver.py": 1776683886.673901,
  "tests\\unit\\test_indian_recognizers.py": 1776684045.8946435,
  "tests\\unit\\test_rule_engine.py": 1776683886.686627,
  "tests\\unit\\__init__.py": 1776682268.4004886,
  "ui-streamlit\\dashboard.py": 1776682947.6432786,
  "CLAUDE.md": 1776523912.825831,
  "docs\\Architectural Blueprint for National Business Regi....md": 1776520856.788803,
  "docs\\DOC 2.md": 1776521312.7060144,
  "docs\\DOC1.md": 1776521312.7145483,
  "docs\\DOC3.md": 1776521312.7200706,
  "docs\\Hackathon Research Document Outline.md": 1776521312.7481227,
  "docs\\IMPLEMENTATION_PLAN.md": 1776524250.8183606,
  "docs\\National Framework for Business Registry Moderniza....md": 1776521312.7586598,
  "docs\\ROADMAP.md": 1776524439.1139567,
  "docs\\Theme.md": 1776521131.9906847,
  "docs\\THREAT_MODEL.md": 1776524633.7837837
}